{
  "IsEncrypted": false,
  "Values": {
    "WEBSITE_SLOT_NAME": "Production",
    "FUNCTIONS_EXTENSION_VERSION": "~3",
    "ScmType": "None",
    "WEBSITE_AUTH_ENABLED": "False",
    "APPLICATIONINSIGHTS_CONNECTION_STRING": "InstrumentationKey=349dab25-72ce-4d4a-8449-23d98557b323;IngestionEndpoint=https://uksouth-0.in.applicationinsights.azure.com/",
    "APPINSIGHTS_INSTRUMENTATIONKEY": "349dab25-72ce-4d4a-8449-23d98557b323",
    "AzureWebJobs.TimerTrigger2.Disabled": "1",
    "WEBSITE_CONTENTAZUREFILECONNECTIONSTRING": "DefaultEndpointsProtocol=https;AccountName=slmpoojachoudharyuksouth;AccountKey=RXmAnsuVyNgidbwmFcisXd03PQSEcEUWR8J0IJ0msDFTBO/hu78LQTZaNRbrNRuaEoRI2ftB3GaA+/Fl+NHM5Q==;EndpointSuffix=core.windows.net",
    "WEBSITE_CONTENTSHARE": "testtimertriggered8d75",
    "FUNCTIONS_WORKER_RUNTIME": "powershell",
    "WEBSITE_SITE_NAME": "testTimerTriggered",
    "AzureWebJobsStorage": "DefaultEndpointsProtocol=https;AccountName=slmpoojachoudharyuksouth;AccountKey=RXmAnsuVyNgidbwmFcisXd03PQSEcEUWR8J0IJ0msDFTBO/hu78LQTZaNRbrNRuaEoRI2ftB3GaA+/Fl+NHM5Q==;EndpointSuffix=core.windows.net"
  }
}